{
  "main": {
    "id": "4a9a9e3363dc689b",
    "type": "split",
    "children": [
      {
        "id": "2b3824f6581a5c63",
        "type": "tabs",
        "children": [
          {
            "id": "243f1489e956e2cf",
            "type": "leaf",
            "state": {
              "type": "canvas",
              "state": {
                "file": "Untitled 4.canvas",
                "viewState": {
                  "x": 0,
                  "y": 0,
                  "zoom": 0
                }
              }
            }
          }
        ]
      }
    ],
    "direction": "vertical"
  },
  "left": {
    "id": "f2be6d151a4cecff",
    "type": "split",
    "children": [
      {
        "id": "1deeebfacf49e35b",
        "type": "tabs",
        "children": [
          {
            "id": "8b01d65376c24987",
            "type": "leaf",
            "state": {
              "type": "file-explorer",
              "state": {
                "sortOrder": "alphabetical"
              }
            }
          },
          {
            "id": "57c8d9f1e883e2fa",
            "type": "leaf",
            "state": {
              "type": "search",
              "state": {
                "query": "",
                "matchingCase": false,
                "explainSearch": false,
                "collapseAll": false,
                "extraContext": false,
                "sortOrder": "alphabetical"
              }
            }
          },
          {
            "id": "afb4230d4d16c8dc",
            "type": "leaf",
            "state": {
              "type": "starred",
              "state": {}
            }
          }
        ]
      }
    ],
    "direction": "horizontal",
    "width": 300
  },
  "right": {
    "id": "113a5f11059531ec",
    "type": "split",
    "children": [
      {
        "id": "7a6a2de02ab1248e",
        "type": "tabs",
        "children": [
          {
            "id": "96f36f51f99dc881",
            "type": "leaf",
            "state": {
              "type": "backlink",
              "state": {
                "file": "Untitled 4.canvas",
                "collapseAll": false,
                "extraContext": false,
                "sortOrder": "alphabetical",
                "showSearch": false,
                "searchQuery": "",
                "backlinkCollapsed": false,
                "unlinkedCollapsed": true
              }
            }
          },
          {
            "id": "cf659e224969385b",
            "type": "leaf",
            "state": {
              "type": "outgoing-link",
              "state": {
                "file": "Untitled 4.canvas",
                "linksCollapsed": false,
                "unlinkedCollapsed": true
              }
            }
          },
          {
            "id": "e4f030dca980f8c9",
            "type": "leaf",
            "state": {
              "type": "tag",
              "state": {
                "sortOrder": "frequency",
                "useHierarchy": true
              }
            }
          },
          {
            "id": "1f467afabd50fc66",
            "type": "leaf",
            "state": {
              "type": "outline",
              "state": {
                "file": "Untitled 4.canvas"
              }
            }
          }
        ],
        "currentTab": 1
      }
    ],
    "direction": "horizontal",
    "width": 300
  },
  "left-ribbon": {
    "hiddenItems": {
      "switcher:Open quick switcher": false,
      "graph:Open graph view": false,
      "canvas:Create new canvas": false,
      "daily-notes:Open today's daily note": false,
      "templates:Insert template": false,
      "command-palette:Open command palette": false,
      "templater-obsidian:Templater": false
    }
  },
  "active": "243f1489e956e2cf",
  "lastOpenFiles": [
    "2023-04-19.md",
    "Untitled 4.canvas",
    "Untitled 3.canvas",
    "Untitled 2.canvas",
    "Untitled.md",
    "Untitled.canvas",
    "Untitled 1",
    "Untitled",
    "Untitled 1.canvas"
  ]
}